{
  "run_id": "train_8",
  "success": true,
  "T_crown_max": null,
  "T_liner_max": null,
  "max_von_mises": null,
  "friction_fmep": 0.6779525275851638,
  "calibration_params": {
    "p_max_bar": 0.0,
    "rpm": 3779.5252758516376,
    "wiebe_m": 2.023098691842763,
    "wiebe_a": 5.0,
    "jet_intensity": 3.1681805969010384,
    "load": 251474.4867941507
  },
  "fit_residual": 0.0,
  "computation_time": 0.0
}