{
  "run_id": "train_19",
  "success": true,
  "T_crown_max": null,
  "T_liner_max": null,
  "max_von_mises": null,
  "friction_fmep": 0.8065518121550244,
  "calibration_params": {
    "p_max_bar": 0.0,
    "rpm": 5065.518121550243,
    "wiebe_m": 2.052384473052194,
    "wiebe_a": 5.0,
    "jet_intensity": 4.030731645265906,
    "load": 238715.85582437995
  },
  "fit_residual": 0.0,
  "computation_time": 0.0
}