{
  "run_id": "train_20",
  "success": true,
  "T_crown_max": null,
  "T_liner_max": null,
  "max_von_mises": null,
  "friction_fmep": 0.7718783858847253,
  "calibration_params": {
    "p_max_bar": 0.0,
    "rpm": 4718.783858847253,
    "wiebe_m": 2.0452939456463017,
    "wiebe_a": 5.0,
    "jet_intensity": 1.1900500303385295,
    "load": 75658.26699864437
  },
  "fit_residual": 0.0,
  "computation_time": 0.0
}