{
  "run_id": "1762280073-5489a054",
  "status": "Failed",
  "n_iter": 0,
  "kkt": {},
  "residuals": {
    "feas_primary.max_violation": 0.0006939776200087713
  },
  "scaling_stats": {
    "scaling_primary": {
      "position": 0.05,
      "velocity": 0.01,
      "acceleration": 0.001,
      "jerk": 0.0001
    },
    "scaling_secondary": {
      "base_radius": 0.01
    },
    "scaling_tertiary": {
      "crank_center_x": 0.02,
      "crank_center_y": 0.02,
      "crank_radius": 0.01,
      "rod_length": 0.0033333333333333335
    }
  },
  "feasibility_primary": {
    "feasible": false,
    "max_violation": 0.0006939776200087713,
    "violations": {
      "eq_start": 0.0006939776200087713,
      "eq_upstroke": 0.000693962322529246,
      "eq_end": 0.0006939769522116801,
      "v_max": 0.00047499896523265224,
      "a_max": 0.00047503535128029024,
      "j_max": 0.00047503903682919114
    },
    "recommendations": [
      "Relax boundary/ stroke conditions or adjust phases"
    ]
  },
  "artifacts": {
    "ipopt_log": "runs/1762280073-5489a054-ipopt.log",
    "run_meta": "runs/1762280073-5489a054.json"
  }
}