{
  "run_id": "train_15",
  "success": true,
  "T_crown_max": null,
  "T_liner_max": null,
  "max_von_mises": null,
  "friction_fmep": 0.7507872055543707,
  "calibration_params": {
    "p_max_bar": 0.0,
    "rpm": 4507.872055543707,
    "wiebe_m": 2.0407213590963766,
    "wiebe_a": 5.0,
    "jet_intensity": 2.624223449843952,
    "load": 174642.71950332256
  },
  "fit_residual": 0.0,
  "computation_time": 0.0
}