{
  "run_id": "cycle_demo_3000",
  "solver_settings": {},
  "geometry": {
    "bore": 0.1,
    "stroke": 0.2,
    "conrod": 0.4,
    "compression_ratio": 15.0,
    "liner_thickness": 0.005,
    "piston_clearance": 0.00005
  },
  "operating_point": {
    "rpm": 3000.0,
    "lambda_val": 1.0,
    "p_intake": 200000.0,
    "T_intake": 320.0,
    "T_coolant": 360.0,
    "T_oil": 360.0
  },
  "boundary_conditions": {
    "crank_angle": [
      0.0,
      1.125,
      2.25,
      3.375,
      4.5,
      5.625,
      6.75,
      7.875,
      9.0,
      10.125,
      11.25,
      12.375000000000002,
      13.5,
      14.625,
      15.75,
      16.875,
      18.0,
      19.125,
      20.25,
      21.375,
      22.5,
      23.625,
      24.750000000000004,
      25.874999999999996,
      27.0,
      28.125,
      29.25,
      30.375,
      31.5,
      32.625,
      33.75,
      34.875,
      36.0,
      37.125,
      38.25,
      39.375,
      40.5,
      41.625,
      42.75,
      43.875,
      45.0,
      46.125,
      47.25,
      48.375,
      49.50000000000001,
      50.62499999999999,
      51.74999999999999,
      52.875,
      54.0,
      55.125,
      56.25,
      57.37499999999999,
      58.5,
      59.62500000000001,
      60.75,
      61.87499999999999,
      63.0,
      64.125,
      65.25,
      66.375,
      67.5,
      68.625,
      69.75,
      70.87499999999999,
      72.0,
      73.12500000000001,
      74.25,
      75.375,
      76.5,
      77.625,
      78.75,
      79.875,
      81.0,
      82.125,
      83.25,
      84.37499999999999,
      85.5,
      86.62500000000001,
      87.75,
      88.87499999999999,
      90.0,
      91.12500000000001,
      92.25,
      93.375,
      94.5,
      95.62500000000001,
      96.75,
      97.875,
      99.00000000000001,
      100.125,
      101.24999999999999,
      102.375,
      103.49999999999999,
      104.625,
      105.75,
      106.87499999999999,
      108.0,
      109.125,
      110.25,
      111.37499999999999,
      112.5,
      113.62500000000001,
      114.74999999999999,
      115.87499999999999,
      117.0,
      118.12500000000001,
      119.25000000000001,
      120.375,
      121.5,
      122.62500000000001,
      123.74999999999999,
      124.875,
      126.0,
      127.125,
      128.25,
      129.375,
      130.5,
      131.625,
      132.75,
      133.875,
      135.0,
      136.125,
      137.25,
      138.375,
      139.5,
      140.625,
      141.74999999999997,
      142.875,
      144.0,
      145.125,
      146.25000000000003,
      147.375,
      148.5,
      149.625,
      150.75,
      151.875,
      153.0,
      154.125,
      155.25,
      156.375,
      157.5,
      158.625,
      159.75,
      160.875,
      162.0,
      163.125,
      164.25,
      165.375,
      166.5,
      167.625,
      168.74999999999997,
      169.875,
      171.0,
      172.125,
      173.25000000000003,
      174.375,
      175.5,
      176.625,
      177.74999999999997,
      178.875,
      180.0
    ],
    "pressure_gas": [
      6202576.551477251,
      4887963.857265519,
      3011183.97341331,
      2396018.9921854325,
      2342787.514347538,
      2164235.980652681,
      1779856.9138007455,
      1598042.1509075647,
      1564142.0145722877,
      1505977.0411823683,
      1371453.4934041593,
      1301063.1827491117,
      1268719.819266773,
      1246820.435620398,
      1197016.3016834576,
      1168215.1168061388,
      1118552.1924344406,
      1110557.5819153576,
      1092292.1686643672,
      1077159.918910398,
      1023522.1382436517,
      1019084.2506066984,
      1005625.8429572713,
      989748.2936918241,
      963283.6123407459,
      957022.8732664039,
      936621.3976716497,
      915651.9187036555,
      897853.5280324667,
      889376.723283742,
      864341.5864651167,
      842316.1657266421,
      829633.1724420716,
      821125.8444782153,
      798718.0039708443,
      779765.316174583,
      773610.1588096762,
      766707.4738623655,
      749910.7185361703,
      735846.0303378805,
      733964.9301064841,
      729136.9903194129,
      718045.4282889696,
      707240.4412615596,
      707431.9536017436,
      703857.719778328,
      696227.1242892618,
      687413.1959846071,
      689013.1573238769,
      686013.0835716405,
      680619.0793586347,
      672026.1062019443,
      675972.8773571901,
      673650.3960970489,
      668314.6442645737,
      662062.1432387456,
      666741.3168815492,
      664579.3301543844,
      659574.194515243,
      653029.8284023418,
      658182.0244360103,
      655866.2744815262,
      650519.4910575503,
      643516.1163481864,
      647600.6671149499,
      645003.2947094879,
      638962.2233805924,
      630928.9996171872,
      633452.8049060415,
      630394.7912958759,
      622497.9541865594,
      613280.3761701005,
      617625.2824571516,
      614016.0188931893,
      604082.9235658585,
      593289.4856597692,
      598297.6501865833,
      594042.47213338,
      581858.6070765026,
      569226.7449068117,
      575347.16872599,
      570461.7112997948,
      555400.5327501859,
      540862.8195083725,
      547980.5772948201,
      541999.820846366,
      523250.4161423255,
      506605.37328601367,
      523515.93391607143,
      518500.864659612,
      500077.35215741117,
      483799.1096371219,
      492082.0943425637,
      485587.2619094441,
      462726.0388920169,
      439625.79070782766,
      443313.5015944666,
      432284.7724847007,
      393598.96509121615,
      362647.5940912619,
      367520.4358909395,
      354772.0221618987,
      313891.1505000593,
      285814.34974171594,
      289854.9885478223,
      280603.78108087287,
      252383.7220085415,
      235304.83286893473,
      240963.50548629495,
      236874.88028347117,
      223301.30259633152,
      214936.61292429012,
      220536.26374658578,
      219084.65886189233,
      212690.0366050131,
      208606.31387469958,
      213928.5332252583,
      214254.6741566557,
      211673.30868187605,
      209410.90450847312,
      213520.1260148039,
      215715.63918713888,
      215945.36491490272,
      214468.37162222393,
      218551.8211618394,
      220687.9076848704,
      221314.77618477246,
      219284.0547439734,
      220734.42293584964,
      222362.00396154818,
      227887.60001386382,
      227134.13016731487,
      227213.84772987614,
      224937.13389680258,
      226724.81106656505,
      230422.66967561506,
      233143.75139998036,
      234928.1998084971,
      241573.9889875212,
      242930.41921317915,
      246698.90967578933,
      246090.0566870252,
      250869.03707944127,
      251663.38917887755,
      255025.87371608315,
      253302.85150873338,
      254656.6015801915,
      254191.83057919834,
      258297.51463504668,
      256633.3226940019,
      258587.51763305126,
      257488.9662046332,
      245764.73865335877,
      245075.46116320946,
      252835.89254676845,
      258669.33666743798,
      260262.85749283555,
      259712.88105925894,
      261810.78622979045,
      260627.78624241523,
      260350.00108923
    ],