{
  "run_id": "train_14",
  "success": true,
  "T_crown_max": null,
  "T_liner_max": null,
  "max_von_mises": null,
  "friction_fmep": 0.6390621656669279,
  "calibration_params": {
    "p_max_bar": 0.0,
    "rpm": 3390.6216566692783,
    "wiebe_m": 2.0122401880253844,
    "wiebe_a": 5.0,
    "jet_intensity": 1.1178788783469913,
    "load": 98909.19644320811
  },
  "fit_residual": 0.0,
  "computation_time": 0.0
}