{
  "run_id": "train_23",
  "success": true,
  "T_crown_max": null,
  "T_liner_max": null,
  "max_von_mises": null,
  "friction_fmep": 0.508746118501746,
  "calibration_params": {
    "p_max_bar": 0.0,
    "rpm": 2087.4611850174597,
    "wiebe_m": 1.963733773204972,
    "wiebe_a": 5.0,
    "jet_intensity": 0.9075908570776615,
    "load": 130434.64428346776
  },
  "fit_residual": 0.0,
  "computation_time": 0.0
}