{
  "run_id": "train_21",
  "success": true,
  "T_crown_max": null,
  "T_liner_max": null,
  "max_von_mises": null,
  "friction_fmep": 0.42276341319282246,
  "calibration_params": {
    "p_max_bar": 0.0,
    "rpm": 1227.6341319282246,
    "wiebe_m": 1.9106479002217085,
    "wiebe_a": 5.0,
    "jet_intensity": 0.24571030673207095,
    "load": 60044.83754768316
  },
  "fit_residual": 0.0,
  "computation_time": 0.0
}