{
  "run_id": "train_16",
  "success": true,
  "T_crown_max": null,
  "T_liner_max": null,
  "max_von_mises": null,
  "friction_fmep": 0.6290018913316751,
  "calibration_params": {
    "p_max_bar": 0.0,
    "rpm": 3290.018913316751,
    "wiebe_m": 2.0092281936669587,
    "wiebe_a": 5.0,
    "jet_intensity": 1.6982176915830633,
    "load": 154851.7868431687
  },
  "fit_residual": 0.0,
  "computation_time": 0.0
}