{
  "run_id": "train_10",
  "success": true,
  "T_crown_max": null,
  "T_liner_max": null,
  "max_von_mises": null,
  "friction_fmep": 0.5988570500585397,
  "calibration_params": {
    "p_max_bar": 0.0,
    "rpm": 2988.570500585398,
    "wiebe_m": 1.9996183894785573,
    "wiebe_a": 5.0,
    "jet_intensity": 1.1383611104629063,
    "load": 114271.46626521865
  },
  "fit_residual": 0.0,
  "computation_time": 0.0
}