{
  "phi": [
    0.0,
    0.10471975511965977,
    0.20943951023931953,
    0.3141592653589793,
    0.41887902047863906,
    0.5235987755982988,
    0.6283185307179586,
    0.7330382858376183,
    0.8377580409572781,
    0.9424777960769379,
    1.0471975511965976,
    1.1519173063162573,
    1.2566370614359172,
    1.361356816555577,
    1.4660765716752366,
    1.5707963267948966,
    1.6755160819145563,
    1.780235837034216,
    1.8849555921538759,
    1.9896753472735356,
    2.0943951023931953,
    2.199114857512855,
    2.3038346126325147,
    2.4085543677521746,
    2.5132741228718345,
    2.617993877991494,
    2.722713633111154,
    2.827433388230814,
    2.9321531433504733,
    3.036872898470133,
    3.141592653589793,
    3.2463124087094526,
    3.3510321638291125,
    3.4557519189487724,
    3.560471674068432,
    3.665191429188092,
    3.7699111843077517,
    3.874630939427411,
    3.979350694547071,
    4.084070449666731,
    4.1887902047863905,
    4.29350995990605,
    4.39822971502571,
    4.50294947014537,
    4.607669225265029,
    4.71238898038469,
    4.817108735504349,
    4.921828490624009,
    5.026548245743669,
    5.1312680008633285,
    5.235987755982988,
    5.340707511102648,
    5.445427266222308,
    5.550147021341967,
    5.654866776461628,
    5.759586531581287,
    5.864306286700947,
    5.969026041820607,
    6.073745796940266,
    6.178465552059926,
    6.283185307179586
  ],
  "phi_elem": [
    0.0,
    0.10471975511965977,
    0.20943951023931953,
    0.3141592653589793,
    0.41887902047863906,
    0.5235987755982988,
    0.6283185307179586,
    0.7330382858376183,
    0.8377580409572781,
    0.9424777960769379,
    1.0471975511965976,
    1.1519173063162573,
    1.2566370614359172,
    1.361356816555577,
    1.4660765716752366,
    1.5707963267948966,
    1.6755160819145563,
    1.780235837034216,
    1.8849555921538759,
    1.9896753472735356,
    2.0943951023931953,
    2.199114857512855,
    2.3038346126325147,
    2.4085543677521746,
    2.5132741228718345,
    2.617993877991494,
    2.722713633111154,
    2.827433388230814,
    2.9321531433504733,
    3.036872898470133,
    3.141592653589793,
    3.2463124087094526,
    3.3510321638291125,
    3.4557519189487724,
    3.560471674068432,
    3.665191429188092,
    3.7699111843077517,
    3.874630939427411,
    3.979350694547071,
    4.084070449666731,
    4.1887902047863905,
    4.29350995990605,
    4.39822971502571,
    4.50294947014537,
    4.607669225265029,
    4.71238898038469,
    4.817108735504349,
    4.921828490624009,
    5.026548245743669,
    5.1312680008633285,
    5.235987755982988,
    5.340707511102648,
    5.445427266222308,
    5.550147021341967,
    5.654866776461628,
    5.759586531581287,
    5.864306286700947,
    5.969026041820607,
    6.073745796940266,
    6.178465552059926
  ],
  "psi": [
    -2.706868535035655e-32,
    0.4188790225249716,
    0.8377580454845547,
    1.256637068812241,
    1.6755160922965555,
    2.094395115716423,
    2.508910806035387,
    2.8710666205197737,
    3.180862557787727,
    3.438298617701928,
    3.643374800582394,
    3.796091108531895,
    3.926990803855557,
    4.057890498645907,
    4.1887901933222125,
    4.31968988792305,
    4.450589582476883,
    4.581489277004103,
    4.712388971520058,
    4.843288666036712,
    4.974188360563558,
    5.1050880551081015,
    5.235987749676082,
    5.366887444271538,
    5.497787138896763,
    5.628686833552262,
    5.759586528236705,
    5.8904862229469686,
    6.021385917678275,
    6.152285612424455,
    6.283185307178338,
    6.414085001932222,
    6.544984696678403,
    6.67588439140971,
    6.806784086119976,
    6.937683780804419,
    7.068583475459919,
    7.199483170085143,
    7.330382864680596,
    7.461282559248573,
    7.592182253793113,
    7.723081948319955,
    7.8539816428366,
    7.984881337352549,
    8.11578103187976,
    8.246680726433585,
    8.377580421034413,
    8.508480115710707,
    8.639379810501051,
    8.770279505824716,
    8.922995813774769,
    9.128071996655741,
    9.38550805657043,
    9.69530399383886,
    10.057459808323689,
    10.471975498642854,
    10.890854522062698,
    11.309733545546992,
    11.728612568874654,
    12.147491591834216,
    12.566370614359172
  ],
  "i": [
    4.000000019541039,
    4.000000023691284,
    4.000000027206419,
    4.000000028702121,
    4.000000028086709,
    3.958333266204802,
    3.4583332826797593,
    2.9583332859589633,
    2.458333287926871,
    1.9583332929507085,
    1.4583333180545308,
    1.2500000135991198,
    1.25000000850639,
    1.2500000074173185,
    1.250000006696674,
    1.2500000062478127,
    1.2500000059936804,
    1.2500000058861234,
    1.2500000058928038,
    1.250000005990127,
    1.2500000061591268,
    1.2500000063829486,
    1.2500000066452999,
    1.2500000069295976,
    1.250000007218689,
    1.2500000074950877,
    1.2500000077416527,
    1.250000007942596,
    1.25000000808465,
    1.2500000081582072,
    1.250000008158219,
    1.2500000080846723,
    1.2500000079426226,
    1.2500000077416802,
    1.250000007495112,
    1.25000000721871,
    1.2500000069296164,
    1.250000006645317,
    1.2500000063829637,
    1.2500000061591403,
    1.2500000059901395,
    1.2500000058928158,
    1.2500000058861354,
    1.2500000059936924,
    1.2500000062478251,
    1.2500000066966883,
    1.2500000074173383,
    1.2500000085064218,
    1.2500000135992886,
    1.4583333180599396,
    1.9583332929556987,
    2.4583332879317124,
    2.9583332859636577,
    3.4583332826841735,
    3.9583332662069157,
    4.000000028086716,
    4.000000028702161,
    4.000000027206471,
    4.000000023691367,
    4.000000019541172
  ],
  "r": [
    0.33333333115435115,
    0.33333333069592413,
    0.333333330307247,
    0.3333333301417402,
    0.3333333302096642,
    0.3380281765571492,
    0.406779669324721,
    0.5106383101575444,
    0.685714307007209,
    1.043478304835565,
    2.181818248936523,
    3.9999997684374633,
    3.999999858249458,
    3.9999998768319007,
    3.9999998890200783,
    3.9999998965813797,
    3.9999999008537763,
    3.999999902662485,
    3.9999999025556203,
    3.9999999009293075,
    3.999999898099617,
    3.9999998943463897,
    3.99999988994023,
    3.9999998851576075,
    3.999999880286101,
    3.9999998756207624,
    3.999999871452658,
    3.9999998680514186,
    3.999999865644631,
    3.99999986439765,
    3.9999998643976933,
    3.9999998656446034,
    3.9999998680513564,
    3.99999987145256,
    3.9999998756206274,
    3.9999998802859387,
    3.999999885157431,
    3.999999889940047,
    3.9999998943462014,
    3.9999998980994254,
    3.9999999009291125,
    3.99999990255542,
    3.9999999026622746,
    3.9999999008535476,
    3.99999989658112,
    3.9999998890197666,
    3.9999998768315144,
    3.9999998582488296,
    3.999999768435864,
    2.1818182489100706,
    1.0434783048301368,
    0.6857143070049423,
    0.5106383101563272,
    0.40677966932399695,
    0.33802817655692774,
    0.3333333302096635,
    0.33333333014173583,
    0.3333333303072414,
    0.33333333069591503,
    0.3333333311543366
  ],