{
  "run_id": "train_22",
  "success": true,
  "T_crown_max": null,
  "T_liner_max": null,
  "max_von_mises": null,
  "friction_fmep": 0.8248062999655097,
  "calibration_params": {
    "p_max_bar": 0.0,
    "rpm": 5248.062999655097,
    "wiebe_m": 2.055924733904839,
    "wiebe_a": 5.0,
    "jet_intensity": 2.4669681287187504,
    "load": 141021.6376335924
  },
  "fit_residual": 0.0,
  "computation_time": 0.0
}