{
  "run_id": "train_12",
  "success": true,
  "T_crown_max": null,
  "T_liner_max": null,
  "max_von_mises": null,
  "friction_fmep": 0.44231995411035446,
  "calibration_params": {
    "p_max_bar": 0.0,
    "rpm": 1423.1995411035448,
    "wiebe_m": 1.9254297354185692,
    "wiebe_a": 5.0,
    "jet_intensity": 0.880912332898298,
    "load": 185689.84336839535
  },
  "fit_residual": 0.0,
  "computation_time": 0.0
}