{
  "run_id": "train_17",
  "success": true,
  "T_crown_max": null,
  "T_liner_max": null,
  "max_von_mises": null,
  "friction_fmep": 0.8868995525592893,
  "calibration_params": {
    "p_max_bar": 0.0,
    "rpm": 5868.995525592893,
    "wiebe_m": 2.067107172168858,
    "wiebe_a": 5.0,
    "jet_intensity": 5.533041505952377,
    "load": 282827.35002051765
  },
  "fit_residual": 0.0,
  "computation_time": 0.0
}