{
    "min_in": [
        10.0,
        0.5807142853736877,
        72.28571319580078
    ],
    "max_in": [
        10000.0,
        5.7171430587768555,
        500.0
    ],
    "min_out": [
        0.006613356526941061,
        63.09748840332031,
        135.12220764160156
    ],
    "max_out": [
        0.30713433027267456,
        445.3857116699219,
        6703.94677734375
    ]
}