{
  "run_id": "train_11",
  "success": true,
  "T_crown_max": null,
  "T_liner_max": null,
  "max_von_mises": null,
  "friction_fmep": 0.7050234713009583,
  "calibration_params": {
    "p_max_bar": 0.0,
    "rpm": 4050.234713009583,
    "wiebe_m": 2.0300163285298147,
    "wiebe_a": 5.0,
    "jet_intensity": 3.516629520611691,
    "load": 260475.98002032412
  },
  "fit_residual": 0.0,
  "computation_time": 0.0
}